n,kappa,type,max alpha
500,0.1,latent_non_gaussian,2.234320971217913
500,0.2,latent_gaussian,3.812932111295771
1000,0.1,heavy,1.2455620814370718
1000,0.2,heavy,2.0718773370248176
3000,0.1,heavy,1.2543444147780562
3000,0.2,heavy,1.9056591119385504
