n,kappa,type,baseline F1 score,SLOE F1 score
1000,0.1,non_gaussian,0.5779816513761468,0.5714285714285715
3000,0.1,latent_gaussian,0.5696969696969697,0.5727136431784107
3000,0.1,latent_non_gaussian,0.5412844036697247,0.5404580152671756
3000,0.2,latent_gaussian,0.4832214765100671,0.4824120603015075
3000,0.2,latent_non_gaussian,0.5163398692810457,0.4983818770226537
