n,kappa,type,baseline time (s),SLOE time (s)
3000,0.2,non_gaussian,4.420465707778931,4.131705284118652
3000,0.2,latent_gaussian,4.794003248214722,3.995267868041992
3000,0.2,latent_non_gaussian,3.644997596740722,3.436009168624878
3000,0.2,heavy,4.620998859405518,3.995208978652954
